Akaa,Kotipizza,61.1362503,23.6756643
Akaa,Pizzeria & Kebab Vicianum,61.2101238,23.7662863
Akaa,Star Kebab- Pizza,61.2033405,23.7828326
Akaa,Adam kebab ja pizzeria,61.1668599,23.8682015
Akaa,Alibaba,,
Alavus,Alavuden Kebab&pizzeria,62.5835291,23.6148948
Alavus,Pizzeria Tropicana,62.5868337,23.6166538
Alavus,Pizzeria Sara,62.5880262,23.6139383
Alavus,Milano's,62.5864337,23.6196096
Alavus,OnnenTähti Pizza Buffet,62.6036859,23.7223855
Alavus,Kotipizza,62.6012967,23.7287309
Alavus,Vesa´s Pizza & Grill,62.6024,23.7267851
Alavus,Pizzeria Quattro,62.6029156,23.7361422
Alavus,Sepänniemen kahvio,62.6479389,23.8434782
Asikkala,Jossun Pizza,61.1754659,25.5312471
Asikkala,Oinas Kebab Pizza,61.1727656,25.5481142
Aura,Masin kebab,60.6488037,22.5869271
Espoo,Kivenlahden Pizzapalvelu,60.1537436,24.6351276
Espoo,Kotipizza Kivenlahti,60.1533368,24.6356362
Espoo,Pappa Pizza,60.1871119,24.6050671
Espoo,Kotipizza,60.1519545,24.6542015
Espoo,Pizzeria PIccante,60.1482192,24.6559423
Espoo,Llapi Pizzeria,60.1386746,24.6730144
Espoo,Pizza Service,60.1421063,24.6704211
Espoo,Pizzeria Poola,60.1540835,24.6420355
Espoo,Tähti Pizza,60.1768531,24.6564936
Espoo,Pizzataksi,60.1736173,24.6618042
Espoo,Mozaik Restaurant & Bar,60.1594085,24.693408
Espoo,Kotipizza,60.2035561,24.6575027
Espoo,Pappa Pizza,60.1990634,24.6558346
Espoo,Koti Pizza,60.2036461,24.6578894
Espoo,Valentin Pizza & Burger,60.1993747,24.6646693
Espoo,Asian Food Market,60.2021653,24.6658362
Espoo,Suvis Pizzeria,60.2013086,24.6713719
Espoo,Dalas-pizza,60.2005955,24.6699609
Espoo,Pizzeria Shine,60.2004433,24.6701415
Espoo,Llapi Pizzeria,60.2012926,24.6714993
Espoo,Kotipizza Suomenoja,60.1598616,24.7111792
Espoo,Matinkylän Pizza & Kebab,60.1573826,24.739494
Espoo,Pizzarium,60.1613957,24.7372419
Espoo,Kotipizza,60.1603678,24.7387684
Espoo,Kotipizza,60.158826,24.7416746
Espoo,Opera,60.1755096,24.7347448
Espoo,Pizzataksi,60.2057123,24.6561329
Espoo,Ymmerstan Pizzeria,60.2056822,24.7080146
Espoo,Pizza Man,60.229755,24.7159173
Espoo,Pizza express,60.2285274,24.7417087
Espoo,Pappa Pizza,60.2269381,24.7418315
Espoo,Gold Cafe,60.240103,24.7416642
Espoo,Pizza Taxi,60.3050036,24.7407015
Espoo,Kotipizza,60.1632366,24.7745401
Espoo,Salam Mumbai,60.1757174,24.7933461
Espoo,Pizza Express - Tapiola,60.1758131,24.7933421
Espoo,The Chili's Pizzeria & Grill,60.1955841,24.7657329
Espoo,Pizza Dominas,60.1948535,24.7671479
Espoo,Pizzataksi,60.1947527,24.7673599
Espoo,San Luca,60.1834301,24.7944909
Espoo,Kotipizza,60.1832976,24.7943964
Espoo,5577062554,60.1874718,24.7967145
Espoo,Pizza Duhok,60.168865,24.805187
Espoo,Pizzataxi,60.1758054,24.8020703
Espoo,Frutti Di Mare,60.176758,24.8024214
Espoo,Pizza Hut,60.1757167,24.8049897
Espoo,Armis pizzeria,60.184504,24.8053915
Espoo,Tapiola Pizza,60.17882,24.8165429
Espoo,Pizza Center,60.2286603,24.7634276
Espoo,Leppävaaran pizzapalvelu,60.2112433,24.8229099
Espoo,Kotipizza Sello,60.2181202,24.8105547
Espoo,King Kebab,60.2207654,24.8131618
Espoo,Stadin kebab,60.2188004,24.8126354
Espoo,Ghetto Street Food Bar,60.2206465,24.812777099999998
Espoo,Leppävaaran kuningas,60.2239207,24.812411
Espoo,Pizza Service,60.2212959,24.8156568
Espoo,Pizza Cornar,60.2205417,24.8127933
Espoo,Pizza Paradise,60.2288933,24.8133417
Espoo,PizzaBox Muurala,,
Eura,Kauttuan Kebab,61.1160787,22.1627752
Finström,Charlies Pizza,60.2283181,19.9880508
Forssa,Kotipizza,60.818422,23.629447
Forssa,Forssan Chili,60.8159578,23.6278001
Forssa,Denis kebab,60.8159304,23.6304367
Forssa,Kotipizza,60.815112,23.6286879
Haapajärvi,Ronai,63.7505403,25.3185711
Haapavesi,Pitsabri,64.1371897,25.3676283
Haapavesi,Pitsabri,64.1369695,25.3717624
Hamina,Marmaris Pizza&Kebab,,
Hanko,Classic Pizza Hanko,59.8216343,22.9637716
Hanko,Pizzeria Kebab Milano,59.8286407,22.9652557
Harjavalta,Gala Kebab Pizzeria,61.3126643,22.1468859
Harjavalta,Pizzamestarit,,
Hartola,Kotipizza,61.5789825,26.0082262
Hartola,Mersin Pitseria,61.5796776,26.0211496
Hattula,Kotipizza,61.0540581,24.3715579
Hattula,Eväspuoti,61.0531164,24.3726082
Hattula,Hattulan Pizza-kebab House,61.055415,24.3731592
Hattula,Istanbul Pizza & Kebab,61.0559243,24.3753597
Hausjärvi,Oitin Pizza & Kebab,60.7882776,25.0296508
Heinola,Helin Pizzeria Kebab,61.1962525,26.0541972
Heinola,Heinolan pizzeria,61.2030109,26.0334898
Heinola,Pizzeria Torino,,
Helsinki,Pizza Maggio,60.1543692,24.8820327
Helsinki,Kotipizza,60.1605615,24.8813671
Helsinki,Pizzeria Luca,60.16008,24.8806854
Helsinki,Pizza Express Lauttasaari,60.1609887,24.8866571
Helsinki,Vanha Munkki,60.1952603,24.8732632
Helsinki,Pizzapaja,60.1978615,24.8795854
Helsinki,Pizza Mix,60.2032457,24.8849306
Helsinki,Munkkivuoren Pizza,60.1984807,24.8844468
Helsinki,Ravintola Pacius,60.1957985,24.8942642
Helsinki,Super Pizza,60.1950391,24.9013462
Helsinki,Pizzeria Shine,60.2038685,24.8953478
Helsinki,Restaurant La Sirena Pizza & Grill,60.1579117,24.9158364
Helsinki,Kebab House,60.1625551,24.9075649
Helsinki,Dacca,60.1625752,24.9138908
Helsinki,Eerikin Pippuri,60.1634449,24.9102449
Helsinki,Kotipizza,60.1633794,24.9206903
Helsinki,Hanis Food,60.1705523,24.9252845
Helsinki,Kampin pippuri,60.1685632,24.9283809
Helsinki,Töölön Service,60.1735294,24.9189046
Helsinki,Shine,60.1724093,24.919499
Helsinki,Anesi,60.1746921,24.9214169
Helsinki,Pizzeria Dennis,60.1633009,24.9344955
Helsinki,Pizza Service,60.1646108,24.9326472
Helsinki,Big Mama's,60.1628421,24.9406193
Helsinki,Bar Bronco,60.1632942,24.9412669
Helsinki,Kotipizza,60.1633943,24.9415542
Helsinki,Alfons Pizza,60.1592907,24.9425191
Helsinki,Eira Plaza,60.1601798,24.9428264
Helsinki,Piece'n'love,60.1650264,24.9420466
Helsinki,Sopranos Pizza,60.1570148,24.9462067
Helsinki,Super Pizza,60.1619071,24.9465546
Helsinki,Eerikin pippuri,60.1665111,24.9329111
Helsinki,Pizzeria Dennis,60.1681539,24.934164
Helsinki,Sky Express,60.168314,24.9351775
Helsinki,Aviin,60.166858,24.9305514
Helsinki,Pizza Hut Tennispalatsi,60.1691888,24.9305592
Helsinki,Stadin kebab,60.1700639,24.930419
Helsinki,Il Duetto,60.1680054,24.9308566
Helsinki,Kotipizza,60.1656877,24.9361725
Helsinki,Classic Pizza,60.168988,24.9392509
Helsinki,Hesburger Stockmann,60.1681157,24.9421009
Helsinki,Putte's Bar & Pizza,60.1674861,24.9388372
Helsinki,Pizza Hut,60.1691983,24.9414766
Helsinki,Barbarossa,60.1684688,24.9371648
Helsinki,Eerikin pippuri,60.1684102,24.9400256
Helsinki,Barbarossa Pizza & Kebab,60.1685487,24.9371091
Helsinki,Jungle Juice Bar,60.1687807,24.9472772
Helsinki,Chilli,60.1695567,24.9451941
Helsinki,Fafa's,60.1693686,24.945231
Helsinki,Dedo's Pizza Kebab,60.1715524,24.946551
Helsinki,MorriSon's Pizzeria & Spagetteria,60.1691997,24.9447649
Helsinki,Pizzarium,60.1691418,24.9487688
Helsinki,Via Tribunali,60.1684753,24.952034
Helsinki,Keko,60.1723891,24.9539811
Helsinki,Pizzeria Pompei,60.1744676,24.9527926
Helsinki,Kotipizza,60.1843986,24.9177869
Helsinki,Linko,60.1818253,24.9251891
Helsinki,Runebergin Pizza-Kebab,60.180264,24.9237741
Helsinki,Dedo's Pizza,60.1857587,24.9217179
Helsinki,Stadin Ravintola (SR),60.1887498,24.9181403
Helsinki,Daddy Greens Pizzabar,60.185005,24.920648
Helsinki,Manskun pizza kebab,60.1932477,24.906484
Helsinki,Chilli Hakaniemi,60.1806659,24.9499343
Helsinki,Pizzataxi Hakaniemi,60.1816239,24.9552956
Helsinki,Saba,60.1817111,24.9555655
Helsinki,Ravintola Salpimienta,60.184836,24.9532716
Helsinki,Kotipizza Kallio Porthaninkatu,60.1830127,24.9531246
Helsinki,Sivuraide,60.1815672,24.9510919
Helsinki,Ravintola Mare Chiaro,60.1820621,24.9553904
Helsinki,Americana Pizzeria,60.1805629,24.949938799999998
Helsinki,Frutti di mare,60.191201,24.9448683
Helsinki,Onni Pizzeria,60.1883515,24.9468144
Helsinki,Pizzeria Romano,60.1877545,24.9480613
Helsinki,Kallion Mestari,60.1879935,24.9558858
Helsinki,Döner Harju,60.1886896,24.9532304
Helsinki,7 Veljestä,60.1949559,24.9385446
Helsinki,Pasilan Pizzapalvelu,60.199217,24.9420976
Helsinki,Pizzeria Nikolai,60.1387898,24.9892304
Helsinki,Kotipizza,60.1708393,24.9564459
Helsinki,Pizza Express Kruununhaka,60.1721472,24.9562964
Helsinki,Katajanokan Pizzapalvelu,60.1681057,24.9753665
Helsinki,Apollo,60.1882423,24.9577686
Helsinki,Bud's,60.1874602,24.9565916
Helsinki,City Kebab Pizza,60.1884789,24.9563132
Helsinki,Palmer Kebab Pizza,60.1886504,24.9640975
Helsinki,King Kebab,60.1950072,24.9565826
Helsinki,Sturen Express Pizzeria,60.1950172,24.958495
Helsinki,Hermannin pizza kebab,60.1947871,24.9665342
Helsinki,Kotipizza,60.2028126,24.9678001
Helsinki,Herttoniemen Pizza Express,60.1911161,25.0346279
Helsinki,Kotipizza,60.188055,25.0374021
Helsinki,Kebab,60.188009,25.0403243
Helsinki,Pizzataxi,60.1880687,25.0401992
Helsinki,Pizza 24/7,60.1803423,25.0528978
Helsinki,Pizzeria Aromi,60.1955004,25.0529287
Helsinki,Savalan Pizza & Kebab,60.2024342,25.0591379
Helsinki,Kotipizza,60.202502,25.0586773
Helsinki,Fornitaly,60.1638229,25.0810472
Helsinki,Cortana express,60.2040194,25.11935
Helsinki,Helikan Pizzeria,60.203979,25.1186448
Helsinki,Pizzeria Maavi,60.2021969,25.1426468
Helsinki,RAX Pizza Shop,60.2413442,24.8435893
Helsinki,Dilber,60.2376438,24.8460304
Helsinki,Kotipizza Konala,60.2420737,24.8448394
Helsinki,Valimon Kebab Pizzeria,60.2156234,24.8756007
Helsinki,Thai Food / Pizza Express,60.2229535,24.8549773
Helsinki,Pizzeria online,60.2242805,24.8592317
Helsinki,Pitäjänmäen pizzapalvelu,60.224006,24.8610322
Helsinki,Pizza Hut express,60.2061692,24.8787415
Helsinki,Kotipizza,60.2069025,24.8790175
Helsinki,Kotipizza,60.211518,24.8879283
Helsinki,Mardin pizzeria,60.2175343,24.8897346
Helsinki,Hauler,60.2117202,24.8877798
Helsinki,Ravintola Tupla Ässä,60.2295948,24.8956417
Helsinki,Pizzeria Sole,60.2296734,24.8962103
Helsinki,Koti Falafel,60.2433098,24.863997
Helsinki,Pizzataxi Kannelmäki,60.2391972,24.874696
Helsinki,Pizza Express,60.2394841,24.8763266
Helsinki,Star Pizzeria,60.2389635,24.8741792
Helsinki,InterPizza,60.2480864,24.8637724
Helsinki,Onnenautuus,60.2517138,24.8581822
Helsinki,Pizza House Lassila,60.2308979,24.8814281
Helsinki,Pizzeria Luna,60.2382969,24.8885509
Helsinki,Golden Pizza Kebab,60.2423993,24.8857926
Helsinki,Pizza Express Haaga,60.2169549,24.9037346
Helsinki,Pizza Hut - Hartwall Arena,60.20554,24.9285927
Helsinki,Ravintola Pippuri,60.2218483,24.9036862
Helsinki,Pizza Service Haaga,60.2217857,24.9045391
Helsinki,Kotipizza,60.22615,24.928727
Helsinki,Maunulan Pizza Kebab Palvelu,60.2295924,24.9279355
Helsinki,Pizza Express,60.2130639,24.9439246
Helsinki,Ravintola Mamma Mia Two,60.2247977,24.9512059
Helsinki,Pakilan pizza kebab,60.2457258,24.9242855
Helsinki,Pizzeria Parmesan,60.2086062,24.965547
Helsinki,Käpylän Pizza & Kebab Palvelu,60.2162709,24.9586512
Helsinki,Parmesan Arabia,60.2078221,24.9777482
Helsinki,Ristorante Uno,60.2206368,24.9624458
Helsinki,Kotipizza,60.2311858,24.9682783
Helsinki,Capperi,60.2312547,24.9680285
Helsinki,Nur Pizza Kebab,60.2486246,24.9584449
Helsinki,Pizzeria Mordillo,60.2439449,24.9942483
Helsinki,Pihlajiston Pizzeria,60.2310635,24.9994399
Helsinki,Ristorante Bello Helsinki,60.2290166,25.028059
Helsinki,Pihlis Pizza Kebab,60.2338802,25.0116156
Helsinki,Kotipizza,60.2506415,25.0125615
Helsinki,King Pizzeria,60.2517067,25.0178895
Helsinki,Pizzeria Abone,60.2749286,24.9893261
Helsinki,Omeri pizza kebab,60.2672956,25.0139335
Helsinki,Star Pizza,60.2629912,25.0266795
Helsinki,Evin,60.2744453,25.0340252
Helsinki,563025629,60.2749736,25.0363218
Helsinki,Pizza Taikurit,60.2762653,25.0347833
Helsinki,Puistolan pizzapalvelu,60.2744848,25.0452444
Helsinki,Itis Kebab,60.210819,25.0795282
Helsinki,Pizza Service Itäkeskus,60.2085967,25.0841136
Helsinki,Stadin Chili Kebab,60.2097006,25.0816345
Helsinki,Mamos Pizza Kebab,60.2078189,25.082915
Helsinki,Pizza Hut,60.2093767,25.086755
Helsinki,Rax Buffet,60.2122955,25.0826434
Helsinki,Kotipizza Myllypuro,60.2240085,25.0732896
Helsinki,Mega Pizza & Kebab,60.2244555,25.0750739
Helsinki,Puotilan pizza & kebab,60.2127557,25.0969654
Helsinki,Pizza Kebab Puotilan Säde,60.2145847,25.0948958
Helsinki,Meri Pizzeria Kahvila,60.2075734,25.106966
Helsinki,Impun cafe & pizzeria,60.2322433,25.0756071
Helsinki,Kontulan Pizza & Kebab,60.2372151,25.083835
Helsinki,Pizza Taxi,60.2362768,25.0828152
Helsinki,Pizzeria & Bar Paris,60.2366816,25.0840611
Helsinki,Tikke Kebab,60.2369148,25.0841631
Helsinki,Bar Bumerang,60.2540038,25.0769434
Helsinki,Pizza Roosa,60.2394362,25.1043198
Helsinki,Pizza Roosa,60.2382888,25.1003204
Helsinki,Anand,60.239647,25.1117241
Helsinki,New Light (Indian kitchen),60.2050874,25.13613
Helsinki,Power Brothers Autohuolto & -vuokraamo,60.2233762,25.1156684
Helsinki,Vuosaaren Pizza & Kebab,60.2214759,25.1387188
Helsinki,Vuo Kebab ja Pizzeria,60.2097537,25.1433525
Helsinki,Kotipizza Columbus,60.2066602,25.146055
Helsinki,Ulappasilta pub pizzeria,60.2078509,25.1400057
Helsinki,Ristorante il Parma,60.2215021,25.1407988
Helsinki,Vuosaaren Kellari,,
Helsinki,Pizzeria The Pit stop,,
Hollola,Star,61.0218683,25.1549578
Hollola,Sormikoukku,61.0220387,25.1560161
Hollola,Kompassin Kebab Pizzeria,60.9877356,25.5150315
Hollola,Pizzeria Maku,60.985976,25.540732
Huittinen,Eka Kebab-Pizzeria,61.1747053,22.6944005
Hyvinkää,3834468221,60.6317324,24.8508414
Hyvinkää,Hyvinkään Pizzeria Kebab,60.6293719,24.8558094
Hyvinkää,Kotipizza,60.6255247,24.8532766
Hyvinkää,Ravintola Turkinpippuri,60.626198,24.853086
Hyvinkää,Samira,60.6283566,24.8568734
Hyvinkää,Inter Pizza Kebab,60.6287834,24.8565054
Hyvinkää,Pizzeria New Centrum,60.6295972,24.8582284
Hyvinkää,Corner Pizza,60.6294697,24.8581021
Hyvinkää,Rosso,60.6302347,24.8647107
Hyvinkää,Kotipizza,60.6313788,24.864739
Hämeenlinna,Tekes Pizza & Kebab,60.9845279,24.4110793
Hämeenlinna,Pizza Buffa,61.0125838,24.4124965
Hämeenlinna,Kotipizza,61.0071055,24.4215854
Hämeenlinna,Yömakkara,60.9922074,24.4434479
Hämeenlinna,Topkapi,60.9958336,24.4467095
Hämeenlinna,Melodi,60.993841,24.4511549
Hämeenlinna,Ravintola BerFin,60.9935784,24.4498537
Hämeenlinna,Rax Buffet,60.9941581,24.4562915
Hämeenlinna,Kimene,60.9969989,24.4632235
Hämeenlinna,Don Sergio,60.9960226,24.4603387
Hämeenlinna,Linnan Eka Pizza & Kebab,60.996226899999996,24.4617104
Hämeenlinna,Steak House,60.995604,24.4643835
Hämeenlinna,Popino,60.9960881,24.4672705
Hämeenlinna,Inter Pizza Kebab,60.9975116,24.4663743
Hämeenlinna,Bar Sivutasku,60.9975253,24.4656563
Hämeenlinna,Linja-autoaseman grilli,60.994995,24.4671378
Hämeenlinna,Kellariravintola Hällä,60.9971126,24.4703482
Hämeenlinna,Kotipizza,60.9978938,24.4586311
Hämeenlinna,Marin Grilli,60.9986753,24.4773647
Hämeenlinna,Kabul Kitchen,60.9991241,24.4787111
Hämeenlinna,Star Pizza & Kebab,61.0063488,24.4795596
Hämeenlinna,Kotipizza,61.0034972,24.4880937
Hämeenlinna,Pizzeria Mese T:mi,61.0029019,24.4887735
Hämeenlinna,Hauhon pizza kebab grilli,61.1721782,24.5638347
Hämeenlinna,Kotipizza,61.1061982,24.8641446
Hämeenlinna,Onur - Pizzeria & Kebab,61.1052197,24.8655924
Hämeenlinna,Pitsa&Kebab,61.0791406,25.0116848
Ii,Orient pizza kebab,65.3230568,25.3767073
Ii,Iin Pizza ja Kebab,65.3233208,25.3786916
Iisalmi,Bar & Cafe Graceville,63.5575889,27.189359
Iisalmi,Kotipizza,63.5599561,27.1893876
Iisalmi,Pizzeria Nisa,63.5581179,27.1890631
Iisalmi,176514125,,
Iitti,Sulo,60.888260700000004,26.3421002
Ikaalinen,Pizzeria Kebab Demir,61.7693517,23.070774
Ilmajoki,Kotipizza,62.7309425,22.5781586
Imatra,Havanna Pizza Kebab,61.1711782,28.7674705
Imatra,Rojal Kebab&Pizza,61.1713078,28.7689169
Imatra,Rosso Imatra,61.1707158,28.7718733
Imatra,Euro Kebab Pizzeria,61.1711655,28.7727157
Imatra,Kotipizza & 55 Burger,61.187278,28.7712726
Imatra,Imatran Kebab Pizzeria,61.190314,28.7764285
Imatra,Asema Ravintola,61.1957682,28.776552
Imatra,Ravintola Stera,61.198006,28.7742234
Imatra,Rajan Kebab,61.1637698,28.800775
Imatra,Pizzeria Bella Napoli,,
Inari,Kotipizza Saariselkä,68.4216315,27.4106106
Inari,Anjan pizza,68.6557499,27.5400173
Inari,Neste Inari,68.9059451,27.0134575
Ingå,Marine Jaakoshamn,59.9981867,23.9834213
Joensuu,Pizzapojat,62.5961402,29.7487327
Joensuu,Gaude,62.5986433,29.7454358
Joensuu,Pizza Express,62.602127,29.7588287
Joensuu,Fiesta Pizzeria ,62.5993851,29.7594463
Joensuu,Golden Rax Pizzabuffet,62.6014715,29.7624573
Joensuu,Pizza Master ,62.6029686,29.7613397
Joensuu,Kotipizza,62.6030669,29.7620561
Joensuu,Aurinko Pizzeria,62.6019989,29.7625648
Joensuu,Aseman grilli,62.6005581,29.776195
Joensuu,Pizzeria Roihu,62.6041217,29.7631479
Joensuu,Pizza-Pojat Noljakka,62.6200039,29.7084512
Joensuu,La Dolce Vita,62.6193147,29.7676063
Joensuu,Pizzapojat (Niinivaara),62.5948369,29.7828662
Joensuu,Kotipizza,62.6012375,29.7824094
Joensuu,Pizzapojat,62.6164691,29.8380539
Joensuu,Pizzeria Elfi,,
Joensuu,Ravintola Deli Istanbul,,
Juva,Pihvi & Pizza,61.8974046,27.8565852
Juva,La Milano,61.8966507,27.8599867
Juva,Kotipizza Seo Juva,61.8942511,27.873168
Jyväskylä,Alan Pizzeria,62.2193706,25.7040919
Jyväskylä,Pizzeria Kioski Helmi,62.222402,25.7290154
Jyväskylä,Ravintola-Pizzeria Ararat,62.2374701,25.6976078
Jyväskylä,Cafe Alfa,62.2490501,25.7054596
Jyväskylä,Ravintola-Pizzeria Mamma Mia 1,62.2407458,25.7204524
Jyväskylä,Kotipizza,62.2405846,25.7199401
Jyväskylä,Pizza Hurtti,62.2396723,25.7255178
Jyväskylä,Kebab House,62.2391119,25.7398725
Jyväskylä,Pizzeria Maria,62.2388248,25.7402207
Jyväskylä,Kotipizza & 55 Burger,62.2479243,25.7396129
Jyväskylä,Rodin Pizzeria Kebab,62.2403734,25.7506665
Jyväskylä,Baari-Ravintola Damascus,62.2440667,25.7477135
Jyväskylä,Kahvila-Ravintola Amira,62.2439523,25.7474642
Jyväskylä,Ali Baba Oriental,62.2454956,25.748169
Jyväskylä,Villen kulma,62.2449874,25.7471361
Jyväskylä,Pizzeria Bella Roma,62.2441843,25.7502339
Jyväskylä,Pizza Best,62.2416785,25.7614058
Jyväskylä,Chinese Restaurant & Pizza Pick Up,62.2467995,25.7556949
Jyväskylä,Kotipizza,62.227644,25.7715363
Jyväskylä,Pizzeria Café La Rose,62.2276027,25.7706649
Jyväskylä,Kebab & Pizza Rosief,62.228756,25.7710527
Jyväskylä,Kuokkalan Konditoria Pizzeria,62.2279338,25.7716854
Jyväskylä,Pizzeria Eeden,62.2491798,25.7805409
Jyväskylä,Pizzeria Eeden,62.2491553,25.780625
Jyväskylä,Pizzeria Arkadia,62.2884776,25.740442
Jyväskylä,Pizzeria Karoliina,62.2875025,25.7423193
Jyväskylä,676142008,62.2587113,25.7771641
Jyväskylä,Opera,62.258388,25.7795067
Jyväskylä,Marmaris,62.247405,25.8690435
Jyväskylä,Kotipizza,62.2475086,25.8676138
Jyväskylä,Pizza,62.247581,25.8673026
Jyväskylä,2977344099,62.265253,25.7960016
Jyväskylä,Flamenco Pizzeria,62.2708121,25.8001554
Jyväskylä,Pizzeria Labella,62.3887545,25.6468333
Jyväskylä,Keljonkankaan kebab pizzeria,,
Jyväskylä,KotiPizza,,
Jämsä,Vanha mylly,61.922314,25.161568
Jämsä,Jämsän Taksimi,61.8645751,25.1892802
Jämsä,Mono Pub & Pizzeria,,
Järvenpää,Pizza Express,60.4928139,25.0672513
Järvenpää,Kotipizza,60.4716313,25.0914394
Järvenpää,Milano,60.472062,25.0921234
Järvenpää,Kotipizza,60.478672,25.1051611
Järvenpää,Haarajoen pizza&kebab,60.4989406,25.1462894
Järvenpää,Ravintola Roze,,
Kaarina,3201907999,60.4321556,22.3443613
Kaarina,Lausteen ravintola,60.4331835,22.3483241
Kaarina,3203788970,60.4496322,22.4061966
Kaarina,Istanbul Kebab-pizzeria,60.424711,22.517746
Kajaani,Stadin Chili,64.2263824,27.7320196
Kajaani,KotiPizza,64.2259194,27.7295499
Kajaani,Rosso,64.2271527,27.7295133
Kajaani,Axun pizza&kebab,64.2259732,27.731622
Kajaani,Casa Bianca,64.2262706,27.7342214
Kajaani,Ada,64.2275027,27.7302858
Kajaani,Koti-Pizza,64.218027,27.7441026
Kajaani,Pizzeria,64.2376887,27.7513082
Kalajoki,Doni Pizza Kebab,64.2588131,23.9499185
Kalajoki,Mamma Leone,64.2570242,23.9490336
Kangasala,Kotipizza,61.4620607,24.0694765
Kangasala,Pizzeria Bene,61.462583,24.0766867
Kangasala,Galimero,61.4718811,24.0138484
Kangasala,Ravintola Bella Roosa,61.4629717,24.0763664
Kangasala,Suoraman Grilli Kebab,,
Kangasniemi,Pizzeria Tabasco,61.9883315,26.6432167
Kankaanpää,Bar & Grill Varikko,61.8041927,22.3929959
Kannonkoski,Pizzapirtti,,
Karkkila,Ismet,60.5350763,24.2070846
Karkkila,Has Kebab Pizzeria,60.5356258,24.2143985
Karstula,Pizzeria Firat,62.877514,24.8051821
Karvia,Napoli kebab pizzeria,62.1362065,22.5609061
Kauhava,Kotipizza,63.0987515,23.0383373
Kaustinen,Evin,63.5478789,23.6910285
Kemi,Pizzeria Captain,65.7340314,24.5685854
Kemi,Kalle's Maxi,,
Kempele,Pikku Istanbul,64.9124975,25.5066597
Kempele,Kotipizza,64.902221,25.5388105
Kerava,Savion Pizza & Kebab,60.3802435,25.0958179
Kerava,Pizza Center Savio,60.3802892,25.0955451
Kerava,Napoli,60.3988579,25.1089364
Kerava,Violet,60.3992874,25.1102513
Kerava,Caravan,60.4022254,25.0979911
Kerava,Keravan Pizza ja Kebab Palvelu,60.4130791,25.0959793
Kerava,Kotipizza Kerava,60.4030416,25.1012426
Kerava,Star Pizza,60.4049409,25.1040174
Kerava,Denis Pizza,60.4030328,25.1004619
Kerava,Duck Pizza Kebab,,
Kerava,Önder,,
Keuruu,Tara,62.2576501,24.7085236
Keuruu,La Mel,62.2581211,24.7079217
Kimitoön,Pub Niska,60.0198339,22.5029599
Kimitoön,Mac Daniels Grill,60.162132,22.7288418
Kirkkonummi,Pizzeria Kebab Iiris,60.1176878,24.4424167
Kirkkonummi,Rosso,60.1249436,24.4367217
Kirkkonummi,Kotipizza,60.1205986,24.4434831
Kirkkonummi,Pizza Service,60.1234279,24.4385948
Kirkkonummi,Dennis,60.1212662,24.4403761
Kirkkonummi,Nawros Kebab Pizzeria,60.1224356,24.4564035
Kirkkonummi,Masalan Pizza Piste,60.1584877,24.5348054
Kittilä,Kotipizza,67.6471351,24.9186145
Kittilä,Pizza Tomato,67.6577261,24.9067122
Kittilä,Ravintola Narran,67.8046265,24.803365200000002
Kittilä,Pizza Factory,67.8051968,24.8039901
Kittilä,Kotipizza,67.8046459,24.8089216
Kokkola,Mary's La Favorita,63.8264304,23.0719079
Kokkola,Kotipizza,63.8356257,23.1117825
Kokkola,Kokkolan pizzeria,63.8373477,23.1331747
Kokkola,Hot Slice Pizza,63.8388293,23.1319243
Kokkola,Marmara Pizza & Kebab,63.8363572,23.1302413
Kokkola,Luca's,63.8389315,23.1319143
Kokkola,Nova Burger,63.8394664,23.1322476
Kokkola,Herkkupizza,63.8434803,23.1246172
Kokkola,Marziano,63.8376045,23.1382426
Kokkola,Istanbul Pizza & Kebab,63.8381528,23.1406421
Kokkola,Kotipizza,63.836712,23.1415247
Kokkola,Kotipizza,63.8269132,23.1539143
Kokkola,Kotipizza,63.8666581,23.4528787
Kolari,Nuuskakaira,67.3311444,23.7816289
Kolari,4148935702,67.3312166,23.7844964
Kolari,Pizzeria Eväskori,67.6040153,24.1502967
Kontiolahti,Pizzeria Café Agora,62.6589762,29.8141373
Kontiolahti,Pizzeria Cafe Agora,,
Korsholm,Pizzeria Bella Vista,63.1083868,21.5929387
Korsholm,Körv-Gorans,63.1084692,21.5934862
Korsholm,Kotipizza,63.108733,21.594987
Korsholm,Kotipizza,63.0996821,21.6061667
Korsholm,Pizzabistro Marco Polo,63.0958661,21.611352
Korsholm,Pizzeria Babilon,63.0937744,21.6180842
Korsholm,Vin Kebab Pizzeria,63.092120800000004,21.6194894
Korsholm,Kotipizza,63.0911889,21.622211
Korsholm,Kotipizza,63.0954458,21.6138959
Korsholm,O Sole Mio,63.0972183,21.6178218
Korsholm,Kotipizza,63.1037077,21.6253005
Korsholm,Babi Food,63.1019876,21.6205792
Korsholm,Kotpizza Vaasa Prisma,63.1030396,21.6471708
Korsholm,Kotipizza,63.11481,21.6083345
Korsholm,Naarau,63.1146139,21.6205085
Korsholm,Dallas Pizza Palazzo,63.1338089,21.6010579
Korsholm,Kotipizza,63.0902583,21.6818546
Korsholm,Dallas Pizza Palazzo,,
Kotka,Erkan Kebab Pizzeria,60.4623771,26.936009
Kotka,Kotipizza,60.4646462,26.9415825
Kotka,Efes,60.4637206,26.9392866
Kotka,Anatolia Kebab & Pizzeria,60.4665909,26.9428504
Kotka,1819717698,60.4880483,26.8979916
Kotka,Kotipizza,60.5134937,26.932344
Kotka,Karhulan herkku,60.5143318,26.9320831
Kotka,Pizzeria Rize,60.5152485,26.9357174
Kouvola,Pizzeria Pepperoni,60.7221814,26.4457876
Kouvola,1804686422,60.6904143,26.8384683
Kouvola,Kotipizza,60.7643953,26.7841019
Kouvola,Roni Pizza-Kebab,60.7667839,26.7825387
Kouvola,Murat Pizza-Kebab,60.763731,26.7852515
Kouvola,Korian Kirppu,60.8472698,26.6052207
Kouvola,Orient Express,60.9060866,26.6220004
Kouvola,Kotipizza,60.9066434,26.6261769
Kouvola,Wanha Kalastaja,60.9075309,26.6219164
Kouvola,Shams,60.9104205,26.6329956
Kouvola,Atlas,60.941716,26.618358100000002
Kouvola,PizzaBuffa,60.8717117,26.6577757
Kouvola,Aseman vintti,60.8661677,26.7042781
Kouvola,Quick Pizza,60.8678501,26.700859
Kouvola,Ravintola Chili Pippuri,60.8674979,26.7037085
Kouvola,Pizzeria Bella,60.8674039,26.7001439
Kouvola,Sip-Sak,60.870294,26.7041874
Kouvola,Salpa-grilli,60.8700705,26.710906
Kouvola,Chili Pippuri,60.87546,26.7027974
Kouvola,Pizzeria Remo,60.8690121,26.7191452
Kouvola,Lehtoresta,60.8879337,26.7249907
Kouvola,Pizza Bravo,60.8596541,26.749343
Kouvola,Pizzaterassi,60.8850662,26.7787073
Kouvola,Ravintola Loiske,60.8876778,26.7736509
Kouvola,Istanbul,60.9334852,26.7973592
Kouvola,Herttareeti,61.0582002,26.4823208
Kouvola,Kievari Kojamo,61.0893482,26.7945737
Kouvola,Kar Pizza,61.1137988,26.982393899999998
Kouvola,Grill & Pizzeria Herkkutupa,,
Kouvola,Toros Tex-Mex,,
Kouvola,Kotipizza,,
Kouvola,155966235,,
Kouvola,Pizzaterassi,,
Kristiinankaupunki,Kotipizza,62.2737036,21.3866022
Kronoby,Evin,63.5478789,23.6910285
Kronoby,Cafe13,,
Kuhmo,Kotipizza,64.1231069,29.5105212
Kuhmo,Cafe Torilla,64.1281396,29.5211617
Kuhmo,ALCI Pizzeria Kebab Kahvila,64.1268838,29.5258296
Kuopio,Pizzeria Avokado,62.8949234,26.9718912
Kuopio,Mira Mari 2,62.8792694,27.6369871
Kuopio,Puijon pizzeria,62.9024406,27.6492723
Kuopio,Kebab Troija,62.891631,27.6802965
Kuopio,Pizza Tori,62.8912297,27.6802418
Kuopio,Kebab & Pizzeria Kemer,62.8926907,27.6700164
Kuopio,Pizzeria Cesar,62.8935333,27.6817851
Kuopio,Mira Mari,62.8944981,27.6793601
Kuopio,Kotipizza,62.8961654,27.6789811
Kuopio,Rax,62.8924158,27.680131
Kuopio,Herkku Pizza,63.0743185,27.6585098
Kuopio,Kotipizza,63.0734425,27.6589361
Kuopio,Kotipizza,62.8910302,27.693579
Kuopio,Pizzeria Marizella,62.901286,27.7044681
Kuopio,Savon Pizza-Kebab,62.9165944,27.7060072
Kuopio,Pizzeria Onni,63.2877934,28.0429013
Kuortane,Kotipizza,62.7680067,23.5262526
Kuortane,Pizza-Kebab Roza,62.8031741,23.5076631
Kuortane,Pizzeria Zumppi,62.804053,23.5080484
Kurikka,Kurikan Kebab Pizza,62.6148069,22.3973927
Kurikka,Kotipizza Kurikka,62.6158718,22.3947883
Kurikka,Istanbul Kebab-Pizzeria,62.6146614,22.3997089
Kustavi,Vartsalan Vanha Koulu,60.5214625,21.3116314
Kustavi,Spauna,,
Kuusamo,Pizeria Marmaris,65.9650382,29.1883356
Kuusamo,Eldorado,65.9653769,29.1877031
Kuusamo,Ampan Pizza,65.9667982,29.1851764
Kuusamo,Kotipizza,65.9656182,29.1863601
Kuusamo,Nilon Pitsa,65.9834542,29.1717703
Kuusamo,Koti Pizza,66.1665388,29.1379591
Kuusamo,Classic Pizza,66.1671444,29.1387311
Kuusamo,Pizzeria Ruka,66.1621634,29.1445074
Kyyjärvi,Kotipizza,63.0426101,24.5591705
Kärkölä,"Neste Järvelä, Lounaskahvila & Kotipizza",60.8807528,25.2698593
Kökar,Peders Aplagård,59.929545,20.9697182
Lahti,Renkomäen Baari-ravintola Pizza & Kebab,60.9314497,25.6631813
Lahti,Metsäkankaan Kotipizza,60.9808322,25.5934062
Lahti,Master Pizza,60.9894097,25.6078584
Lahti,Lorano,60.9808877,25.6282957
Lahti,Tähti Pizzeria,60.9622738,25.6675993
Lahti,Aspendos,60.9826495,25.6572794
Lahti,Kotipizza,60.9843378,25.651812
Lahti,Ararat,60.9797056,25.6571087
Lahti,Pizza Rax Lahti,60.9824422,25.6608497
Lahti,Petra,60.9819737,25.6607263
Lahti,Antonio Pizza&Kebab,60.9851363,25.6543999
Lahti,Saksalan Pizzeria,60.968948,25.68275
Lahti,Rudolf,60.9799748,25.6794849
Lahti,Möysä (Mössö),60.9791785,25.6852871
Lahti,Ravintola Finlandia,60.9960062,25.5955769
Lahti,Pizzeria / Kebab Dalaman,60.9801173,25.7106209
Lahti,pizzeria,60.9955168,25.7607498
Lahti,Ahtialan Pizza-Kebab,61.0034156,25.7782881
Lahti,95530822,,
Laihia,Pizzeria Rake,62.9348196,22.0614789
Lapinjärvi,Pizza Carneval,60.6198467,26.201638
Lappeenranta,2232387671,61.0636579,28.0961361
Lappeenranta,Ararat,61.0475272,28.1135845
Lappeenranta,Pizza Rakuuna,61.0515853,28.1069637
Lappeenranta,Selam Kebab & Pizzeria,61.0543392,28.1082576
Lappeenranta,Kotipizza,61.0487676,28.1750733
Lappeenranta,Rosso Express,61.0507744,28.1795554
Lappeenranta,Helin,61.0540145,28.1903952
Lappeenranta,Iskender,61.056011,28.1878773
Lappeenranta,Super restaurant,61.0540522,28.191097
Lappeenranta,Efsane Pizza Kebab,61.0513417,28.2016999
Lappeenranta,Golden RAX,61.0568633,28.1837969
Lappeenranta,Suzan,61.0589345,28.1855595
Lappeenranta,Tori Pizzeri&Kebab,61.0572185,28.1865346
Lappeenranta,Rosso,61.0594985,28.1851891
Lappeenranta,Barut,61.0594098,28.1927946
Lappeenranta,Tirilän Iskender Kebab-Pizzeria,61.0614789,28.259823
Lappeenranta,The Pizza Break,61.1237706,28.4488516
Lappeenranta,GT Joutseno,61.1225309,28.4991253
Lappeenranta,Pikku Puisto,,
Lappeenranta,Tasty Food,,
Lappeenranta,Voisalmen pizza & kebab,,
Lempäälä,Kotipizza,61.3163569,23.7514478
Lempäälä,Lempäälän Pizza Kebab & Grilli,61.3122509,23.7520654
Lempäälä,Kotipizza,61.2552906,23.8398297
Lempäälä,Kotipizza,61.3614383,23.7956309
Lempäälä,Sääksjärven Pizza Kebab,61.4164418,23.759098
Lempäälä,Golden Rax,,
Lempäälä,Hovikokki,,
Lempäälä,Kotipizza,,
Lempäälä,Ravintola Jokiranta,,
Lieto,3203788970,60.4496322,22.4061966
Liperi,Koti-Pizza,62.5355298,29.402262
Liperi,Sanni Pizzeria,62.6134247,29.5464029
Lohja,PizzaBuffa Lohja,60.2484568,24.06394
Lohja,Kotipizza,60.2497124,24.065561
Lohja,Lohjan Aseman Pizza Kebab,60.2675667,24.1208927
Loimaa,Loimaan Kebab Pizzeria,60.8504593,23.0591515
Loppi,Pizzeria Amore,60.7198928,24.443369099999998
Loppi,Ketunkolo,,
Loviisa,New Roz Pizzeria,60.4559063,26.2289905
Loviisa,Ceylan Kebab,60.4560116,26.2294384
Luumäki,420439158,60.9231983,27.5686524
Luvia,Luvian Pizzeria,61.3598937,21.6266837
Luvia,Koti Pizza,61.3659525,21.64771
Malax,90322356,62.9446499,21.547777
Mariehamn,Västernäs Pizza & Asian,60.0810328,19.9420989
Mariehamn,Adlon Pizzeria & Sportsbar,60.0949537,19.9278555
Mariehamn,Adlon Pizzeria & Sportsbar,60.0949703,19.9279659
Mariehamn,Draken Burgers & Kebab,60.093375,19.929258
Mariehamn,Alis Kebab,60.1109837,19.9296532
Mariehamn,Pub Niska,60.1051249,19.9451724
Mariehamn,Diablo,60.1001557,19.9427129
Mariehamn,Draken Kebab,60.1001678,19.9434708
Mariehamn,Gringo Pizza & Grill,60.1173115,19.9418184
Mariehamn,Kotipizza,,
Merikarvia,Merikebab Pizzeria,,
Mikkeli,Kebab-pizzeria Serif,61.5054457,27.2628349
Mikkeli,Kotipizza,61.453099,27.2633322
Mikkeli,Kotipizza,61.6760606,27.2002761
Mikkeli,Kotipizza,61.6883674,27.2689927
Mikkeli,Anfora,61.6862395,27.2732592
Mikkeli,Pizza Max,61.6910326,27.2757049
Mikkeli,"Angela II, pizzeria",61.6895257,27.2697443
Mikkeli,"Angela I, pizzeria",61.6874242,27.2747516
Mikkeli,Memory Dreams (MD),61.6900602,27.2762518
Mikkeli,Tuppurala Baari,61.6834877,27.3038
Muhos,Muhos pizza&kebab,64.8074497,25.9953383
Muonio,Pizzeria Eväskori,67.6040153,24.1502967
Muurame,Pizzapuoti,62.1296504,25.6713104
Muurame,Pizzeria Ancona,62.1294038,25.6741623
Muurame,Kotipizza,62.1369466,25.6727623
Muurame,773652989,62.1471262,25.6756282
Mäntsälä,Elvis Pizza Burger,60.6342466,25.3156302
Mäntsälä,Istanbul-pizzeria,60.6362564,25.3200002
Mäntsälä,La Sirena-pizzeria,60.6357008,25.3172143
Mäntsälä,Kotipizza,60.6365228,25.322896
Mäntsälä,Pizzataxi,60.635654099999996,25.3177542
Mäntyharju,Dada,61.418027,26.879227
Mäntyharju,Chili,,
Naantali,Pizza&Pasta,60.4727417,22.0052876
Naantali,Naantalin Kebab Pizzeria,60.4676358,22.0264055
Naantali,Kotipizza,60.4670439,22.033069
Nakkila,Hima,61.3659385,22.0042975
Nivala,Kotipizza,63.9360857,24.9504
Nokia,Karalia Pizza-Kebab,61.4593053,23.4919136
Nokia,Pizzamestarit,61.4781553,23.5076431
Nokia,kavolia kebab pizzeria,61.4804751,23.5045284
Nokia,Pizzeria & Kebab Abe,61.4784924,23.5085491
Nokia,Kebab-center,61.4773252,23.5093631
Nokia,Kulta Pizza-Grilli,61.4906523,23.5149308
Nokia,Viholan grilli,,
Nousiainen,NKP kebab pizzeria,60.5990044,22.0832131
Nurmes,Ibo pizza & kebab,63.5427611,29.1360153
Nurmijärvi,Kotipizza,60.3801919,24.7538116
Nurmijärvi,Ararat,60.3776574,24.7579426
Nurmijärvi,Pizza house,60.3792418,24.7536065
Nurmijärvi,Klaukkalan King,60.379081,24.75638
Nurmijärvi,Capri,60.4611923,24.8027092
Nurmijärvi,Kotipizza,60.4549646,24.8436898
Nykarleby,Kebab-Pizzeria Evin,63.5229026,22.5303026
Nykarleby,Pizzeria Victoria,63.5215138,22.5314646
Orimattila,Kotipizza & Rolls,60.804456,25.7320811
Orimattila,Pizzeria Arena,60.8058186,25.7300136
Orimattila,Set Cafe,60.8021657,25.7344242
Orivesi,5654670743,61.6793331,24.3579759
Orivesi,5654670744,61.6800459,24.3581086
Orivesi,5654670752,61.6883865,24.3562329
Oulainen,Kotipizza,64.2611631,24.830462
Oulu,Pizza Buffa,64.9937753,25.4630674
Oulu,Milan,65.0014643,25.4644618
Oulu,Pannu,65.0118475,25.469266
Oulu,Troija kebab,65.0132506,25.4687536
Oulu,Ninwe,65.009926,25.4692058
Oulu,Pizzeria Fratelli,65.0127503,25.4706453
Oulu,M6 Dining,65.0133459,25.468401
Oulu,ParkBuffet,65.0121064,25.4709802
Oulu,Pizzarium,65.0115919,25.471906
Oulu,Kotipizza,65.0126597,25.4683909
Oulu,Eeva Pizzeria,65.0139332,25.4762606
Oulu,Romeo & Vienna,65.0113557,25.4790957
Oulu,Kotipizza,65.0117292,25.4791771
Oulu,Corleone,65.0277863,25.4606833
Oulu,Kotipizza,65.0276988,25.4611886
Oulu,Pizzeria Maria,65.025095,25.4691194
Oulu,Napoli,65.0254803,25.4694154
Oulu,Kotipizza,64.9619529,25.5226689
Oulu,Axun Pizza & Kebab,64.9565276,25.5301211
Oulu,Adrian Grilli ja Pizza,64.9728304,25.5813446
Oulu,Pizza & Kebab Niinep,64.9840945,25.5223381
Oulu,Finlandia,65.0114286,25.4810516
Oulu,La Festa,65.0100079,25.4805157
Oulu,Oulun Verona,65.0170337,25.4866881
Oulu,Hadia,65.0254715,25.480716
Oulu,Pizzeria Casa Mia,64.9995293,25.5532115
Oulu,Lähin Pizza Myllyoja,65.0193485,25.5524512
Oulu,Pizzeria Camillo,65.1153802,25.3301929
Oulu,Pizzeria ala Turka,65.127962,25.3588277
Oulu,Damlatas,65.1755019,25.3533683
Oulu,Kotipizza Haukipudas,65.1755597,25.3509572
Oulu,Pizza Lain,65.0659254,25.4186555
Oulu,Patelan pizzakebab & baari,65.0793914,25.4040247
Oulu,La Cucina,65.0361404,25.4412648
Oulu,Omega Pizza & Kebab,65.0447272,25.4462049
Oulu,Kotipizza,65.0385758,25.4667444
Oulu,Välivainion Gepappila,65.0326396,25.4715369
Oulu,Kotipizza,65.0775056,25.4476098
Oulu,Pizza & Buffa Linnanmaa,65.0545417,25.4558997
Oulu,Pizzeria Baabel,65.0604693,25.4795387
Oulu,Kaijon kipsa,65.0596472,25.4918188
Oulu,Amigo,65.0669711,25.5140077
Oulu,Huonesuon Pizza Ja Kebab,65.03906,25.5757896
Oulu,E Zone,65.0501844,25.5793357
Oulu,Vesalan grillikioski,65.0345587,26.0353207
Outokumpu,La Milano,62.7267978,29.0135069
Pargas,Pizzeria Venezia,60.3002062,22.3014961
Pargas,Paraisten Kebab Pizzeria,60.2999513,22.3022151
Pargas,507265279,,
Parikkala,Yusuf Kebab Pizzeria,61.5539196,29.50007
Parkano,Eges,62.0100325,23.022487
Parkano,Miramari,62.0112499,23.0258977
Pedersöre,Kotipizza,63.6326068,22.8566889
Pello,4167698008,66.7795674,23.9746748
Pertunmaa,Chili,,
Pieksämäki,Johnson Pizzeria Restaurant,62.2995149,27.156536
Pieksämäki,Oliivi Pizzeria,62.2998216,27.1558354
Pieksämäki,Kotipizza,62.3039533,27.1738527
Pietarsaari,Arabi Restaurant,63.676408,22.6912268
Pietarsaari,Kotipizza,63.6751792,22.7012427
Pietarsaari,Midas Pizzeria - Kebab,63.6750362,22.7072958
Pietarsaari,Mastin Pizzeria,63.6749626,22.7020698
Pietarsaari,Pub Niska,63.6747825,22.7039322
Pietarsaari,Sesam,63.6746937,22.7044701
Pietarsaari,Mr. Bank,63.6752712,22.7030497
Pietarsaari,"Kotipizza, Neste Permossvängen",63.6791118,22.7314012
Pirkkala,Pizza Service,61.4662122,23.6493331
Pirkkala,Kotipizza Pirkkala Partola,61.4689668,23.716028
Polvijärvi,Marin Pizzeria Pizza posti,62.8548093,29.3648463
Pori,Kotipizza,61.5667088,21.5581319
Pori,Kebab Pizzeria Selin,61.5611824,21.6149197
Pori,Makumesta,61.5612625,21.6138751
Pori,Selvi,61.4843402,21.7952024
Pori,Mevlana Kebab&Pizza House,61.4876249,21.7960707
Pori,Gala Kebab Pizeria,61.4872699,21.7965536
Pori,Ristorante Momento,61.4946907,21.8001872
Pori,Kotipizza,61.4950181,21.799944
Pori,Junus Kebab,61.4292073,21.875893
Pori,Ulvilan Metro Kebab,61.4311319,21.8739924
Pori,Pikku-Samin Pizza Kebab,61.4647013,21.846356
Pornainen,Pizza-Burgerhouse,60.4755703,25.3757504
Porvoo,Golden Rax Pizza Buffet,60.392501,25.6104971
Porvoo,Turkinpippuri,60.3953181,25.6630758
Porvoo,Drenica Kebab Pizzeria,60.3936322,25.6654424
Porvoo,Trattoria Il Duetto,,
Posio,Kotipizza Posio,66.1164213,28.1484124
Pudasjärvi,Kotipizza,65.3716559,26.9922641
Pyhtää,ABC Majakka,,
Pyhäjärvi,Lähin Pizza,63.6817888,25.9748144
Pälkäne,Kyläkaupan pizzapaikka,61.2586328,24.3525878
Raahe,Finlandia,64.683802,24.4767464
Raahe,Pizzeria Alto Mare,64.6853064,24.4785474
Raahe,Kebab-Grilli Madonna,64.6871319,24.5462619
Raahe,Raahen Kebab-Grilli,,
Rantasalmi,Pizzeria Anatolia,62.0658568,28.3055935
Ranua,1508865763,65.9275865,26.513287
Raseborg,Kotipizza,59.9742668,23.4367745
Raseborg,AFG Restaurant,59.9743446,23.4375914
Raseborg,Kungs Pizza,59.9754565,23.4359494
Raseborg,Papino,59.9803168,23.4389904
Raseborg,Kotipizza,60.0702073,23.6616407
Rauma,Damla Kebab Pizza Hotwings,61.1345792,21.4926192
Rauma,Pizzeria Jamppa's,61.1440558,21.4831246
Rauma,Eti Kebab,61.127923,21.5056082
Rauma,Pizzeria-kebab Kioski,61.1272982,21.5058043
Rauma,Pizzeria Riviera,61.1296575,21.5003342
Rauma,Deniss Kebab & Pizza,61.1324045,21.4962425
Rauma,Pizzeria La Bamba,61.1292421,21.5064579
Rauma,Kebab-Pizzeria Selin,61.1396983,21.5139298
Rauma,NamNam Kebab Pizzeria,61.1302159,21.556237199999998
Rauma,Lapin Kebab-Pizzeria,61.0996571,21.8369084
Rauma,Kourujärven kebab & pizza,,
Rautalampi,Rautapannu,62.6242066,26.8272472
Rautjärvi,Euro Pizza & Kebab,61.4322868,29.3525509
Riihimäki,Ravintola 1453,60.7375091,24.7721303
Riihimäki,Pizza Buffa,60.7328769,24.7785158
Riihimäki,Kotipizza,60.7300401,24.7796496
Riihimäki,Guru,60.7335215,24.7814996
Riihimäki,Kotipizza,60.7382657,24.7760445
Riihimäki,Ykkös Grilli,60.739451,24.774683
Riihimäki,Riihitähti,60.7418181,24.7768228
Riihimäki,Ravintola Enjoy,60.7378382,24.7748272
Riihimäki,Steak House,60.738966,24.7732907
Rovaniemi,Memos Restaurant,66.4869291,25.6993608
Rovaniemi,Marmaris,66.5016932,25.7252531
Rovaniemi,Pizzeria Trocadero,66.504137,25.7222584
Rovaniemi,Rosso,66.5020281,25.7308791
Rovaniemi,Haruno,66.5020095,25.7320757
Rovaniemi,Kotipizza,66.5018323,25.7352105
Rovaniemi,Alakunnaksen grilli,66.4981709,25.7311165
Rovaniemi,Turkinpippuri,66.5016705,25.7306782
Rovaniemi,Rax Pizza Buffet,66.5022117,25.7321749
Rovaniemi,Paras Pizza,66.5191861,25.7554026
Ruokolahti,ELFAN,61.2920405,28.8122998
Ruovesi,Kebab Pizzeria Engiz,61.9837754,24.0691627
Saarijärvi,Kebab pizzeria,62.7045685,25.2608909
Salla,Kahvila Pizzeria Akkavaara,66.8325786,28.6705695
Salo,Halikon Kebab-pizzeria,60.3967884,23.0770844
Salo,Halikon Pizzamestarit,60.3965785,23.0817222
Salo,Körfez,60.3880145,23.1215728
Salo,Kotipizza,60.3865422,23.1297201
Salo,Kotipizza,60.3803146,23.6159097
Salo,Fes Kebab & Grill Salo,,
Sastamala,Ohramin Pizza,61.2865437,22.700302
Sastamala,Pizza&Kebab Ege,61.3430435,22.9082384
Sastamala,Heti Kebab Pizzeria,61.347916,22.8984475
Sastamala,Kebab pizzeria Karalia,61.3405636,22.9121831
Sastamala,Kotipizza,61.5009388,23.0907757
Savonlinna,Kotipizza Savonlinna,61.8684158,28.8865159
Savonlinna,Sahmaran,61.8680146,28.8870513
Savonlinna,Kauppatori Grilli Pizzeria,61.8684727,28.8865534
Savonlinna,Uskudar Kebab,61.8704043,28.877724
Savonlinna,Savon Solmu,61.8700753,28.9218291
Savonlinna,Alanya,61.8843293,28.802902
Savonlinna,83645770,,
Seinäjoki,Birtat Kebab Pizzeria,62.9394714,22.5137139
Seinäjoki,Kuu Kebab Pizzeria,62.5627904,23.0611443
Seinäjoki,Kotipizza,62.5685625,23.0554739
Seinäjoki,Pizzakulma,62.7465209,22.8577245
Seinäjoki,Kotipizza,62.7645895,22.8389169
Seinäjoki,Huhta Kebab ja Pizzeria,62.7777901,22.8293721
Seinäjoki,SQB Buffet restaurant,62.7837223,22.8519079
Seinäjoki,Kotipizza & 55 Burger,62.79191,22.83494
Seinäjoki,Turkinpippuri,62.7902435,22.8437474
Seinäjoki,Helmi Bar & Pizza,62.7898592,22.8427835
Seinäjoki,07 Kebab House,62.7912411,22.8441608
Seinäjoki,Valentina pizzeria,62.793359,22.8362927
Seinäjoki,Kototie Pizzeria,62.776488,22.8689387
Seinäjoki,Pizza Buffa,62.8056324,22.8764682
Siikajoki,Finlandia,64.683802,24.4767464
Siikajoki,Pizzeria Alto Mare,64.6853064,24.4785474
Siikajoki,Raahen Kebab-Grilli,,
Siilinjärvi,Kebab house,62.9727041,27.7031197
Siilinjärvi,Kebabhouse,,
Sipoo,Nikinmäen Tähti,60.3413301,25.1271855
Sipoo,Söderpippuri,60.2967289,25.3235639
Sipoo,Pizza Express,60.3759961,25.2587609
Sipoo,Nikinmäen Tähti,,
Sipoo,Duck Pizza Kebab,,
Sodankylä,3999298904,67.4174292,26.5937461
Sotkamo,Vuokatin Pizzakebab,64.1403274,28.2676791
Sotkamo,Kotipizza,64.1311717,28.3832461
Sotkamo,Sotkamon Pizza & kebab,64.1309122,28.3889452
Sotkamo,Kebab.com,64.1304356,28.3844492
Suomussalmi,Pizzeria-Roni,64.8871731,28.9148009
Suonenjoki,Kebab Pizzeria Grilli,62.6255721,27.1168779
Suonenjoki,Kebab Pizzeria Kemer,62.6246161,27.123111
Suonenjoki,Kebab-Pizzeria-Grilli,,
Sysmä,455012335,61.5021438,25.6877053
Tammela,2390010564,60.8079599,23.7588364
Tampere,937725504,61.441388,23.7477224
Tampere,Rosso Express,61.4597066,23.7882256
Tampere,Vuoreksen Ravintola Pizzeria,61.4345759,23.8076485
Tampere,Ravintola Oiva,61.4468071,23.8323387
Tampere,Kebab-Pizza Heval,61.4415508,23.8517768
Tampere,Pizza Service,61.45169,23.8478537
Tampere,Malabadi,61.4507811,23.8476287
Tampere,Castello,61.4521209,23.8485216
Tampere,Kotipizza,61.4509299,23.8507091
Tampere,Pizza Place Annala,61.4628767,23.9068912
Tampere,Kahvila-Ravintola Picasso,61.4957232,23.6250595
Tampere,Kotipizza Tesoma,61.5058433,23.6281856
Tampere,Pizza Hut Take Away Tesoma,61.5058431,23.6278005
Tampere,Tesoman Pizza-Kebab,61.5061229,23.627708
Tampere,Pizza Hut,61.5049102,23.627838
Tampere,Kotipizza,61.5049528,23.627283
Tampere,Kebab Pizza City,61.5086922,23.6746207
Tampere,Rozerin Pizza & Kebab,61.5081423,23.6888685
Tampere,Jaskan Pizza Grilli,61.5211617,23.6397699
Tampere,Sumer Pizzeria ja Kebab,61.4700224,23.7414734
Tampere,Kotipizza Tampere Pispala,61.5060443,23.6991835
Tampere,Pizzeria-Kebab DRINA,61.4946237,23.7494753
Tampere,Ankkuri,61.5034999,23.7460393
Tampere,Spoon Brasserie,61.466556,23.8001081
Tampere,Nekalan pizzeria,61.4803961,23.7982377
Tampere,Pizza Kebab Selvi,61.4853617,23.7950134
Tampere,Go Go Pizza,61.4948415,23.756205
Tampere,Galata House,61.4961199,23.7556681
Tampere,Sitko Pizza&bar,61.4985828,23.7542641
Tampere,Power Pizzeria,61.500557,23.7555125
Tampere,Punjab Kebab,61.4961294,23.7611637
Tampere,Kotipizza Tampere - Keskusta,61.4973601,23.7692313
Tampere,Pizzeria Napoli,61.4970147,23.7692877
Tampere,Golden Rax Pizza Buffet - Tampere,61.4981855,23.7697754
Tampere,Mansekebab,61.4968943,23.7673233
Tampere,Pizzeria Luca,61.4983143,23.7663726
Tampere,Classic Pizza,61.5109466,23.7733079
Tampere,Kebab-pizzeria Mardin,61.5011755,23.7779003
Tampere,La Toore Pizzeria,61.4990958,23.7785829
Tampere,Ravintola EViN,61.4968003,23.7993453
Tampere,Kalevan Pizzeria,61.501388,23.800452
Tampere,Kotipizza,61.5014736,23.7985423
Tampere,Kotipizza Tampere - Tammela,61.503203,23.7783769
Tampere,Nile Kebab,61.5024966,23.7788524
Tampere,Ravintola Lennie,61.5275704,23.7037228
Tampere,Hallilan Pizzeria,61.4661918,23.8373576
Tampere,Koti Pizza,61.47573,23.839776
Tampere,Roseanne,61.4891731,23.8540953
Tampere,Kotipizza Kaukajärvi,61.4735744,23.8739433
Tampere,Hebun,61.4700026,23.8701415
Tampere,Prima pub pikapizza,61.4937855,23.8829595
Tampere,Kumpulan PikaPizza,61.5146524,23.928327
Tampere,Pizza Kioski Tasanne,61.517013,23.9302007
Tampere,Hervannan vesitorni,,
Tampere,Merzan Pizza Grill,,
Tampere,Nokian Autogrilli Tesoma,,
Tampere,Raholan Pizza-Kebab Kioski,,
Tampere,Kebab Pizzeria Snupi,,
Tampere,Kotipizza,,
Tampere,Pizzeria Pelle,,
Tampere,Duck's Burger & Kebab,,
Tervola,Kotipizza,66.0851447,24.7713372
Tornio,Kippari,65.7923456,24.1974005
Tornio,Golden Flower,65.8462457,24.1475029
Tornio,Turkinpippuri,65.8465152,24.147398
Tornio,Tasty fast food,65.8465977,24.1479721
Tornio,Hevi's deli & café,65.8452452,24.1477758
Tornio,Golden Rax Pizzabuffet,65.842297,24.1439158
Tornio,Utopia,65.8440925,24.1447484
Tornio,Saigon,65.8467081,24.1455174
Tornio,Dimare,65.8477299,24.1463431
Tornio,Kotipizza,65.843847,24.1662405
Tornio,Holmantien grilli ja pizzeria,65.8244183,24.1739957
Tornio,Ararat,65.843031,24.1708729
Tornio,Piccolo pizza,65.8426114,24.1758527
Tornio,ABC,65.8433468,24.1959522
Tornio,Turkinpippuri,65.9153628,24.1360036
Tornio,Hullu Härkä,,
Turku,kebab pizzeria quattro,60.3942877,22.2216664
Turku,Kotipizza,60.4495919,22.2028829
Turku,Center Kebab Pizzeria,60.4798684,22.1586217
Turku,Classic Pizza Restaurant,60.4898622,22.1984572
Turku,Kotipizza,60.472182,22.2165201
Turku,Länsi kebab & pizzeria,60.4736125,22.2243371
Turku,Kotipizza,60.4915201,22.2096083
Turku,Malmin kebab,60.4405542,22.233959
Turku,Melissa,60.4346625,22.2442344
Turku,PizzaService,60.4354014,22.2597124
Turku,Kuningas Kebab,60.4388345,22.2608044
Turku,Pizza Line,60.4387627,22.2606172
Turku,Ravintola Sanna,60.4376837,22.2674532
Turku,Pizzeria Panda,60.4450934,22.2396288
Turku,3212861555,60.4447101,22.2540602
Turku,Pizzeria Napoli,60.4494047,22.2524951
Turku,Woti-Kebab,60.4486179,22.2553711
Turku,Rosso Express,60.4541424,22.2470891
Turku,Dalia,60.4434599,22.2566288
Turku,Dalia,60.4435813,22.2563939
Turku,3219090926,60.4470904,22.266396
Turku,Memory Times,60.451505,22.2575742
Turku,Catania,60.4518621,22.2572148
Turku,Kotipizza,60.450627,22.2596101
Turku,Araz,60.4510057,22.2561798
Turku,Humaliston kebab,60.4505027,22.2590039
Turku,Saaran,60.4517024,22.2573494
Turku,Metropol,60.4512971,22.2579078
Turku,Pizzeria Dennis,60.4490359,22.2658694
Turku,New York Kebab & Pizzeria,60.4484162,22.2638095
Turku,Morrisons,60.4502252,22.2631681
Turku,Pizzarium,60.4512258,22.2650999
Turku,3447805760,60.4510339,22.2681177
Turku,Splizzeria,60.4513887,22.265395
Turku,5067623134,60.4495997,22.2664212
Turku,Aurora,60.4448641,22.2754717
Turku,Momento,60.4439315,22.2768397
Turku,Milan,60.452924,22.2727329
Turku,Bar Ö,60.4506175,22.2705209
Turku,299465255,60.4509259,22.2698183
Turku,City kebab,60.4519951,22.2717823
Turku,Arezzo,60.4506114,22.2789311
Turku,Soma,60.4542153,22.2671661
Turku,Bacadell,60.4606828,22.265693
Turku,Pizza Express,60.457696,22.2719254
Turku,Pizza Line,60.4546008,22.2739129
Turku,Sahara,60.4544178,22.2719275
Turku,Carlina,60.4538651,22.2728112
Turku,Kotipizza,60.4461601,22.2836839
Turku,Pronto,60.4533792,22.2862293
Turku,299804036,60.4472117,22.283047
Turku,Resepti,60.4526849,22.2874084
Turku,Classic Pizza Caribia,60.4609405,22.2906181
Turku,Kotipizza Hämeentie,60.4556241,22.2968474
Turku,Pizzeria Ali Baba,60.4552983,22.3008452
Turku,Nummis Kebab & Pizzeria,60.4554504,22.3033694
Turku,Treffi,60.4611723,22.2973803
Turku,FC Kebab,60.4561877,22.3090849
Turku,Keisari kebab & pizzeria,60.4589817,22.3238866
Turku,Arina Ravintola,60.4691677,22.23589
Turku,Pizza Perez,60.4720285,22.2820812
Turku,Hallis Kebab & Pizzeria,60.4697301,22.3061361
Turku,Lausteen ravintola,60.4331835,22.3483241
Turku,Rio Kebab Pizzeria,,
Turku,Airin Kebab Pizzeria,,
Turku,Kupittaan Kebab Pizzeria,,
Turku,Kebab yard parking,,
Turku,Keisari Kebab Pizzeria,,
Tuusula,Pizzataxi,60.3744302,25.0180927
Tuusula,Kotipizza,60.4002241,25.0206452
Tuusula,Hyrylän Pizza,60.4000653,25.0204876
Tuusula,Pizza Service,60.402755,25.0267499
Tuusula,Kotipizza Kerava,60.4030416,25.1012426
Tuusula,Star Pizza,60.4049409,25.1040174
Tuusula,Haarajoen pizza&kebab,60.4989406,25.1462894
Tuusula,Pizzeria Quattro,60.5527085,24.9656208
Ulvila,Junus Kebab,61.4292073,21.875893
Ulvila,Ulvilan Metro Kebab,61.4311319,21.8739924
Urjala,Adam Kebab Pizzeria,61.0801666,23.548455099999998
Uusikaupunki,Eka kebab,60.8002998,21.4092804
Uusikaupunki,Kotipizza,60.8001441,21.4092429
Vaala,Pizzeria Finlandiano,64.5597608,26.841745799999998
Vaasa,Pizzeria Bella Vista,63.1083868,21.5929387
Vaasa,Körv-Gorans,63.1084692,21.5934862
Vaasa,Kotipizza,63.108733,21.594987
Vaasa,Kotipizza,63.0775375,21.6524355
Vaasa,Kotipizza,63.0996821,21.6061667
Vaasa,Pizzabistro Marco Polo,63.0958661,21.611352
Vaasa,Pizzeria Babilon,63.0937744,21.6180842
Vaasa,Vin Kebab Pizzeria,63.092120800000004,21.6194894
Vaasa,Kotipizza,63.0911889,21.622211
Vaasa,Kotipizza,63.0954458,21.6138959
Vaasa,O Sole Mio,63.0972183,21.6178218
Vaasa,Kotipizza,63.1037077,21.6253005
Vaasa,Babi Food,63.1019876,21.6205792
Vaasa,Kotpizza Vaasa Prisma,63.1030396,21.6471708
Vaasa,Kotipizza,63.11481,21.6083345
Vaasa,Naarau,63.1146139,21.6205085
Vaasa,Dallas Pizza Palazzo,63.1338089,21.6010579
Vaasa,Kotipizza,63.0902583,21.6818546
Vaasa,Dallas Pizza Palazzo,,
Valkeakoski,Kotipizza,61.2672378,24.0315396
Valkeakoski,3461718080,61.2664908,24.0312058
Vantaa,Pizza Drive,60.2623039,24.8041433
Vantaa,Pizza Service,60.2621707,24.8047971
Vantaa,Kotipizza,60.2647758,24.8110097
Vantaa,Variston Pizzeria,60.2665382,24.8162455
Vantaa,Ipon Pizza,60.258446,24.8287423
Vantaa,Kotipizza Myyrmäki,60.2699546,24.8471334
Vantaa,Kuningas Pizza,60.2633618,24.8541331
Vantaa,Pizza Taxi,60.260921,24.8521067
Vantaa,Ravintola Sapusca-Pizza,60.2608291,24.8555221
Vantaa,Kotipizza,60.2605527,24.853849
Vantaa,Pizza express,60.2610491,24.8528699
Vantaa,Pizza Hott,60.2686427,24.8520164
Vantaa,Louhelan Pizzeria,60.2680207,24.8562275
Vantaa,Salama Pizza,60.2638477,24.8512541
Vantaa,Evin Pizzeria,60.2638881,24.871172
Vantaa,Pizza Express,60.2703666,24.8539552
Vantaa,Pizzeria Della casa,60.2779293,24.8527931
Vantaa,Kivimäen Kebab-pizzeria,60.277323,24.8589645
Vantaa,King's Corner,60.2934078,24.8636603
Vantaa,Megaspizza,60.283935,24.8718131
Vantaa,Ylästön Pizza ja Grilli,60.2843169,24.9150888
Vantaa,Kotipizza,60.2938774,24.945527
Vantaa,Kotipizza,60.2726923,24.969124
Vantaa,Classic Pizza Jumbo,60.2924792,24.9633443
Vantaa,Kotipizza,60.2881993,24.9962784
Vantaa,Pizza Taxi,60.2890889,25.0329477
Vantaa,KotiPizza Tikkurila,60.2932122,25.0329003
Vantaa,Golden Pizzeria,60.3055096,25.0229197
Vantaa,Eka,60.2930626,25.038165
Vantaa,Pizzeria Xona,60.3048393,25.0419803
Vantaa,Kotipizza - Shell Vaarala,60.2624321,25.0940806
Vantaa,Hakunilan Pizzeria,60.2726931,25.1033023
Vantaa,Pizzataxi,60.2782408,25.1044181
Vantaa,Kebab Pizza Service,60.2780592,25.1056613
Vantaa,Middle East,60.2780304,25.1056007
Vantaa,Kuninkaan Ravintola,60.2867846,25.0816754
Vantaa,Simonkylän Pizzeria,60.3103907,25.0307942
Vantaa,647068145,60.3231165,25.0626122
Vantaa,Pizzeria Toli,60.3307519,25.0708348
Vantaa,Mikkis,60.3414384,25.096133
Vantaa,Nikinmäen Tähti,60.3413301,25.1271855
Vantaa,Fast Pizzaservice,,
Vantaa,178185089,,
Vantaa,Kivistön Pizza & Kebab Oy,,
Vantaa,El Paso,,
Vantaa,Nikinmäen Tähti,,
Varkaus,Iskender Pizza & Kebab,62.316775,27.8699759
Vesilahti,Pizzeria Makasiini,61.3090532,23.6189099
Vihti,Oliivi Kebab Pizzeria,60.333248,24.3195066
Vihti,Gobustan,60.335101,24.3188007
Vihti,Ramon,60.332664199999996,24.3264937
Vihti,Formula Pizza,60.3336143,24.3256094
Vihti,Ismet - Kebab & Pizzaland,60.3367159,24.3212685
Vihti,Ismet,60.4184253,24.3173718
Vihti,Vihdin Pizza & Kebab Palvelu,60.4173167,24.3230149
Vihti,Candan pizzeria,60.4166935,24.3246686
Vihti,Kotipizza,60.3321562,24.3302388
Vihti,Grande famiglia,60.347766,24.3344808
Vihti,Ojakkalan pizzeria,60.3691346,24.3923181
Viitasaari,Firat,63.0738565,25.859132
Viitasaari,Saaren pizzeria,63.0751422,25.8584597
Virolahti,Pizza Kebab,60.5838377,27.7073367
Virolahti,Kebab Pizza,60.5838065,27.7073008
Virrat,Dilana,62.239025,23.7721312
Vörå,Apachino,63.1299024,22.2514829
Vörå,Apachino,63.3108984,22.390082
Ylitornio,Turkin Chili,66.3245263,23.676028
Ylöjärvi,Kotipizza,61.5582036,23.5702279
Ylöjärvi,Center,61.5479252,23.5978665
Ylöjärvi,Kebab Pizza Service,61.5557139,23.5950709
Ylöjärvi,Siivikkalan Kebab Pizzeria,,
Ähtäri,Nupelda,62.5489601,24.0740265
Ähtäri,Sherifi Kebab Pizzeria,62.5486385,24.0762775
Äänekoski,Gulav Midia,62.6042128,25.7218054
Äänekoski,Pizzeria Elit,62.5664423,25.8523585
